question,option_a,option_b,option_c,option_d,correct_answer,difficulty
What is the value of pi (π) rounded to two decimal places?,3.14,3.16,3.10,3.15,A,Easy
"What is the next number in the sequence: 2, 4, 8, 16, ...?",20,24,32,48,C,Easy
"If 4x - 2 = 10, what is the value of x?",2,3,4,6,B,Medium
Which of the following is a prime number?,9,15,17,21,C,Easy
"In a right-angled triangle, the square of the hypotenuse is equal to the sum of the squares of the other two sides. What is this theorem called?",Euclidean Theorem,Pythagorean Theorem,Thales' Theorem,Fermat's Last Theorem,B,Medium
What is the number of sides of a nonagon?,7,8,9,10,C,Easy
What is the perimeter of a square with a side length of 5 cm?,10 cm,20 cm,25 cm,30 cm,B,Easy
How many degrees are in a full circle?,90,180,270,360,D,Very Easy
What is the probability of rolling a 6 on a standard six-sided die?,1/2,1/3,1/6,1/12,C,Medium
What is the result of 5! (5 factorial)?,10,25,120,500,C,Medium
The area of a circle with radius r is given by:,πr,2πr,πr²,r²,C,Easy
Simplify the expression: 3a + 5b - a + 2b,2a + 7b,4a + 3b,2a + 3b,4a + 7b,A,Medium
What is the sum of the interior angles of a quadrilateral?,90 degrees,180 degrees,360 degrees,540 degrees,C,Medium
What is 20% of 150?,15,20,30,40,C,Easy
Which type of average is most affected by extreme values (outliers)?,Median,Mode,Mean,Range,C,Hard
"What is the distance between the points (1, 2) and (4, 6)?",3,4,5,7,C,Hard
"If a car travels 60 miles in 2 hours, what is its average speed?",20 mph,30 mph,40 mph,60 mph,B,Easy
What is the solution set for the inequality x + 3 < 7?,x > 4,x < 4,x < 10,x > 10,B,Medium
What is the greatest common divisor (GCD) of 12 and 18?,3,6,12,18,B,Medium
How many vertices does a cube have?,6,8,10,12,B,Medium
The differential of $x^2$ with respect to $x$ is:,x,2x,x/2,x^3/3,B,Hard
What is the integral of $1/x$ with respect to $x$?,ln(x) + C,1,x,e^x + C,A,Hard
"If the radius of a sphere is $r$, what is its volume?",4πr²,2πr,4/3 πr³,πr²,C,Hard
What is the conjugate of the complex number $3 + 4i$?,3 - 4i,4 + 3i,-3 + 4i,4 - 3i,A,Medium
"In geometry, a chord is a line segment whose endpoints both lie on a:",Square,Triangle,Circle,Sphere,C,Medium
"The mode of the data set {2, 3, 5, 2, 4, 2, 6} is:",4,2,3,5,B,Easy
The symbol $\forall$ in logic represents:,There exists,For all,Implies,Not,B,Hard
What is the value of $\sin(30^{\circ})$?,1,1/2,\sqrt{3}/2,0,B,Medium
How many decimal places are in the number 0.0075?,2,3,4,5,C,Easy
What is the formula for calculating simple interest (I)?,P(1+rt),Prt,P(1+r)t,P(r-t),B,Medium
Solve for y: $y^2 = 36$,6,\pm 6,18,36,B,Easy
What is the sum of the first 10 whole numbers (0 to 9)?,45,55,90,100,A,Medium
Which transformation moves a figure without changing its size or shape?,Dilation,Shear,Translation,Stretch,C,Medium
What is the result of dividing 1 by 0 in standard arithmetic?,0,1,Undefined,Infinity,C,Medium
Which number is irrational?,0.5,\sqrt{4},1/3,\sqrt{2},D,Medium
The multiplicative inverse of $1/4$ is:,-4,4,1/4,-1/4,B,Easy
What is the formula for the volume of a cylinder with radius $r$ and height $h$?,2\pi rh,\pi r^2 h,\pi r h,4/3 \pi r^3,B,Medium
What is the $y$-intercept of the line $y = 3x - 5$?,3,-5,5,0,B,Easy
"If a set A has 5 elements, how many subsets does A have?",10,25,32,50,C,Hard
"What is the common difference in the arithmetic progression 5, 10, 15, 20, ...?",2,5,10,15,B,Easy
"The term ""eigenvalue"" is typically associated with which branch of mathematics?",Statistics,Number Theory,Linear Algebra,Topology,C,Hard
What is the simplest form of the ratio $15:45$?,3:9,1:3,1:4,5:15,B,Easy
What does $\sum$ notation denote?,Product,Difference,Summation,Integral,C,Medium
What is the probability of flipping a coin and getting tails?,0,0.25,0.5,1,C,Easy
"If $f(x) = 2x + 1$, what is $f(3)$?",4,6,7,9,C,Easy
How many milliliters are in one liter?,10,100,1000,10000,C,Easy
The locus of a point equidistant from a fixed point is a:,Line,Parabola,Circle,Ellipse,C,Medium
What is the general form of a linear equation?,y = ax^2 + bx + c,y = mx + b,x^2 + y^2 = r^2,y = c,B,Medium
"In set theory, $A \cup B$ represents:",Intersection of A and B,Union of A and B,Complement of A,Difference of A and B,B,Medium
What is the sum of the angles in a triangle?,90^{\circ},180^{\circ},270^{\circ},360^{\circ},B,Very Easy
Which of these numbers is divisible by both 3 and 5?,15,18,20,25,A,Easy
What is the cube root of 64?,4,8,16,32,A,Easy
Which type of matrix has all non-diagonal elements equal to zero?,Identity Matrix,Zero Matrix,Diagonal Matrix,Square Matrix,C,Hard
How is $2 \times 10^3$ written in standard notation?,20,200,2000,0.002,C,Easy
What is the probability of an impossible event?,0,0.5,1,Undefined,A,Easy
The shape of a parabola is defined by which degree polynomial?,First-degree,Second-degree,Third-degree,Fourth-degree,B,Medium
What is the least common multiple (LCM) of 4 and 6?,12,24,6,4,A,Easy
How many meters are in one kilometer?,10,100,1000,10000,C,Very Easy
What is the formula for the area of a trapezoid?,bh,1/2(b_1+b_2)h,l\times w,\pi r^2,B,Medium
Which is the correct expansion for $(a+b)^2$?,a^2 + b^2,a^2 + 2ab + b^2,a^2 - 2ab + b^2,a^2 + ab + b^2,B,Easy
"The study of the properties of numbers, such as primes, is called:",Algebra,Calculus,Number Theory,Topology,C,Hard
"What is the mean of the numbers 10, 20, and 30?",10,20,30,60,B,Easy
"Which quadrant contains the point $(-2, 5)$?",I,II,III,IV,B,Medium
What is the remainder when 17 is divided by 5?,1,2,3,4,B,Easy
The equation $y = 5$ represents a line that is:,Vertical,Horizontal,Diagonal,Curved,B,Medium
Which term describes a fraction where the numerator is greater than the denominator?,Proper fraction,Improper fraction,Mixed number,Unit fraction,B,Easy
How many lines of symmetry does a rectangle (non-square) have?,1,2,4,Infinite,B,Medium
What is the reciprocal of $5/7$?,-5/7,7/5,1/5,1/7,B,Easy
"The common ratio in the geometric progression 3, 6, 12, 24, ... is:",2,3,4,6,A,Easy
What is the maximum value of $\cos(\theta)$?,0,1,\pi,-1,B,Medium
How many ounces are in one pound?,8,12,16,32,C,Medium
The process of finding the derivative of a function is called:,Integration,Differentiation,Series Expansion,Limits,B,Hard
"If $f(x) = x^2$ and $g(x) = x+1$, what is $(f \circ g)(x)$?",x^2 + 1,(x+1)^2,x^2 + x + 1,x^3 + x^2,B,Hard
Which is the only number that is neither prime nor composite?,0,1,2,3,B,Medium
What is the sum of the angles in a straight line?,90^{\circ},180^{\circ},270^{\circ},360^{\circ},B,Easy
What is the area of a triangle with base 10 cm and height 4 cm?,14 cm²,20 cm²,40 cm²,50 cm²,B,Easy
How many minutes are in $3 \frac{1}{2}$ hours?,180,210,240,350,B,Medium
"What is the magnitude of the vector $\langle 3, 4 \rangle$?",3,4,5,7,C,Hard
"What is the median of the data set {1, 3, 5, 7, 9}?",1,5,7,9,B,Easy
The smallest positive integer is:,0,1,2,-1,B,Easy
What is the maximum number of intersection points between two distinct circles?,0,1,2,Infinite,C,Medium
"If $a^2 + b^2 = c^2$, the relationship is known as the:",Law of Sines,Law of Cosines,Pythagorean Identity,Quadratic Formula,C,Medium
"What is the next term in the Fibonacci sequence starting 1, 1, 2, 3, 5, ...?",6,7,8,10,C,Medium
The probability of two independent events $A$ and $B$ both occurring is $P(A \text{ and } B)$ which is:,P(A) + P(B),P(A) \times P(B),P(A) - P(B),P(A) / P(B),B,Hard
A linear function is one whose graph is a:,Parabola,Circle,Straight line,Hyperbola,C,Easy
How many feet are in a mile?,1000,5280,3600,6000,B,Medium
The inverse function of $f(x) = x + 5$ is:,f^{-1}(x) = 5x,f^{-1}(x) = x - 5,f^{-1}(x) = 1/x + 5,f^{-1}(x) = x + 1/5,B,Medium
A system of linear equations with no solution is called:,Consistent,Dependent,Inconsistent,Independent,C,Hard
What is the value of $0^0$ in most contexts (though sometimes undefined)?,0,1,Undefined,Infinity,B,Hard
"How many unique permutations can be formed from the letters in the word ""CAT""?",3,6,9,12,B,Medium
The value of $\log_{10}(100)$ is:,1,2,10,100,B,Medium
What is $25\%$ as a fraction in simplest form?,1/2,1/3,1/4,1/5,C,Easy
A polygon with ten sides is called a:,Octagon,Nonagon,Decagon,Dodecagon,C,Medium
What is the circumference of a circle with a radius of 7 units?,7\pi,14\pi,49\pi,28\pi,B,Medium
Which number is a perfect square?,2,6,12,25,D,Easy
The equation for an ellipse is related to the sum of distances from two fixed points called:,Vertices,Foci,Directrices,Centers,B,Hard
"If a triangle has angle measures $30^{\circ}$ and $60^{\circ}$, what is the measure of the third angle?",30^{\circ},60^{\circ},90^{\circ},180^{\circ},C,Easy
What is the additive inverse of $-5$?,-5,0,5,1/5,C,Easy
"The study of shapes, sizes, positions, and properties of space is:",Algebra,Trigonometry,Geometry,Calculus,C,Very Easy
What is the formula for the $n^{th}$ term of an arithmetic sequence?,a_n = a_1 + (n-1)d,a_n = a_1 r^{n-1},a_n = n(n+1)/2,a_n = 2^n,A,Hard
