question,option_a,option_b,option_c,option_d,correct_answer,difficulty
What is the correct file extension for Python files?,.pt,.py,.pyt,.python,B,Very Easy
Which symbol is used for comments in Python?,//,#,/*,--,B,Very Easy
What is the output of print(2+3)?,23,5,6,Error,B,Very Easy
Which function is used to display output in Python?,print(),echo(),display(),write(),A,Very Easy
Which keyword is used to define a variable in Python?,let,var,define,No keyword needed,D,Very Easy
What is the output of len('Python')?,5,6,7,Error,B,Easy
Which operator is used for exponentiation?,^,**,exp(),pow(),B,Easy
What is the data type of True in Python?,int,str,bool,float,C,Easy
Which of the following is a mutable data type?,tuple,list,string,int,B,Easy
Which keyword is used to define a function?,def,func,function,define,A,Easy
What will print(bool(0)) return?,True,False,0,None,B,Medium
Which method is used to add an item to a list?,append(),add(),insert(),push(),A,Medium
What does the break statement do in a loop?,Skips iteration,Stops loop,Repeats loop,Restarts loop,B,Medium
Which keyword is used to handle exceptions?,try,except,catch,error,B,Medium
What is the output of 'Python'[-1]?,P,n,o,Error,B,Medium
What is recursion in Python?,Looping,Function calling itself,Nested loops,Function returning multiple values,B,Hard
What is the output of [i for i in range(3)]?,"[1,2,3]","[0,1,2]","[1,2]","[0,1,2,3]",B,Hard
Which statement is true about `set` in Python?,Sets are ordered,Sets allow duplicate elements,Sets are mutable,Sets are indexed,C,Medium
How do you check if a variable is not equal to 5?,var != 5,var <> 5,var not 5,var is not 5,A,Easy
What does `id()` return in Python?,Data type,Memory address,Object size,Value,B,Hard
Which of the following is immutable?,list,dict,tuple,set,C,Medium
What does 'PEP' stand for in Python community?,Python Enhancement Proposal,Programming Enhancement Proposal,Python Execution Plan,Performance Enhancement Plan,A,Medium
What is the result of '5' + 3 in Python 3?,8,'53',TypeError,'8',C,Medium
Which keyword is used to create a generator?,gen,yield,return,lambda,B,Medium
"Which built-in function returns an iterator of tuples, combining index and values?",zip(),enumerate(),iter(),map(),B,Medium
Which method adds an element to the end of a list?,add(),append(),push(),insert_end(),B,Easy
Which statement is used to handle exceptions?,try/except,catch/except,try/catch,handle/except,A,Medium
What is the difference between '==' and 'is'?,"'==' checks identity, 'is' checks equality","'==' checks equality of values, 'is' checks identity",Both are same,'is' is for strings only,B,Hard
Which of these will create a set?,{},set(),[],(),B,Easy
How do you comment multiple lines in Python?,/* ... */,//,"Using triple quotes '''...''' or """"""...""""""",<!-- -->,C,Medium
What will be the output of the following code snippet? print(2**3 + (5 + 6)**(1 + 1)),129,8,121,None of the above,A,Hard
How is a code block indicated in Python?,Brackets,Indentation,Key,None of the above,B,Easy
"What will be the output of the following code snippet? a = [1, 2, 3]; a = tuple(a); a[0] = 2; print(a)","[2, 2, 3]","(2, 2, 3)","(1, 2, 3)",Error,D,Hard
What will be the output of the following code snippet? print(type(5 / 2)); print(type(5 // 2)),float and int,int and float,float and float,int and int,A,Medium
Which of the following types of loops are not supported in Python?,for,while,do-while,None of the above,C,Medium
What is a correct way to open a file for reading in binary?,"open('file','r')","open('file','rb')","open('file','wb')","open('file','br')",B,Hard
Which of the following sorts a list in-place?,sorted(list),list.sort(),list.sorted(),sort(list),B,Medium
"What does `dict.get(key, default)` return if key is missing?",Raises KeyError,None or default if provided,0,'' (empty string),B,Hard
"What will len({'a':1,'b':2}) return?",0,1,2,Error,C,Easy
What is the output of: bool('False'),False,True,0,TypeError,B,Medium
What does the 'with' statement provide?,Looping capability,Exception raising,Context manager for resource handling,Multithreading,C,Hard
How to create an empty dictionary?,{},dict(),Both A and B,[],C,Easy
Which of the following removes and returns last element of a list?,remove(),pop(),delete(),discard(),B,Easy
How do you create an anonymous function in Python?,def,lambda,anon,func,B,Medium
What will be the result of: 'abc'.upper()?,'abc','Abc','ABC',Error,C,Easy
Which method of a string returns substring count?,find(),count(),index(),slice(),B,Medium
How to check if an object is instance of a class?,type(obj) == Class,"isinstance(obj, Class)",obj.is(Class),"instance(obj,Class)",B,Medium
What does the input() function do in Python?,Reads input from the console,Outputs data to the console,Converts input into an integer,Allows reading from a file,A,Easy
How do you make a string lowercase in Python?,string.lower(),string.toLower(),string.lowercase(),lower(string),A,Easy
What is the purpose of the 'pass' statement in Python?,To terminate the program,To skip the current iteration,To act as a placeholder,To define a function,C,Medium
What is the output of print(type(lambda x: x))?,<class 'function'>,<class 'lambda'>,<class 'generator'>,<class 'object'>,A,Hard
Which module is used for regular expressions in Python?,re,regex,regexp,re2,A,Medium
Which of the following creates a shallow copy of a list?,list.copy(),list[:],list(list),All of the above,D,Hard
Which of these is NOT a valid Python data model method?,__init__,__str__,__repr__,__compare__,D,Hard
Which statement is true about Python's integers?,Fixed 32-bit,Fixed 64-bit,Arbitrary precision,Only positive,C,Medium
Which type of Programming does Python support?,object-oriented programming,structured programming,functional programming,all of the mentioned,D,Easy
Is Python case sensitive when dealing with identifiers?,no,yes,machine dependent,none of the mentioned,B,Easy
All keywords in Python are in _________.,Capitalized,lower case,UPPER CASE,None of the mentioned,D,Medium
What will be the value of the following Python expression: print(4 + 3 % 5)?,7,2,4,1,A,Medium
"What is the output of: list(range(2,10,3))?","[2,3,4,5,6,7,8,9]","[2,5,8]","[2,10]","[2,3,6,9]",B,Medium
What is the output of the code: x=10; y=x; x=20; print(y)?,10,20,None,Error,A,Hard
Which of the following is NOT a valid variable name in Python?,my_var,_myvar,2myvar,myVar,C,Easy
What is the scope of a variable declared inside a function?,Global,Local,Module-level,Universal,B,Medium
"What will be the output of print(x + y) if x = 5 and y = ""5""?",10,"""55""",Error,None,C,Easy
How can you convert a number 100 into a string?,str(100),string(100),convert(100),str.toString(100),A,Easy
"What will be the output of print(""Hello"" * 3)?","""HelloHelloHello""",Hello Hello Hello,Hello3,Error,A,Easy
What is the output of type(3.14)?,<class 'int'>,<class 'float'>,<class 'str'>,<class 'decimal'>,B,Easy
What will be the output of 5 // 2?,2.5,2,3,Error,B,Easy
"What will be the output of bool("""")?",True,False,Error,None,B,Easy
What will be the output of bool(0)?,True,False,Error,None,B,Medium
"What is the output of int(""100"") + 5?","""1005""",105,Error,None,B,Easy
What will be the output of print(type(None))?,<class 'NoneType'>,<class 'null'>,<class 'void'>,<class 'empty'>,A,Medium
What does the range() function in Python return?,A list of numbers,A tuple of numbers,A sequence of numbers,A dictionary of numbers,C,Medium
What does the strip() method do in Python?,Removes all leading and trailing spaces from a string,Splits a string into a list of substrings,Joins multiple strings into one,Replaces occurrences of a substring within a string,A,Easy
Which of the following is not a valid data type in Python?,tuple,array,set,dictionary,B,Medium
What does the len() function do in Python?,Returns the largest element in a list,Returns the length of a string,Returns the square root of a number,Returns the sum of elements in a list,B,Easy
"Which of the following is the correct syntax to open a file named ""example.txt"" for reading?","open(""example.txt"", ""r"")","open(""example.txt"")","read(""example.txt"")","file(""example.txt"", ""r"")",A,Medium
What is the correct way to check if a key exists in a dictionary?,key in dictionary,dictionary.exists(key),dictionary.has_key(key),key.exists(dictionary),A,Medium
What does the isdigit() method do in Python strings?,Checks if all characters in the string are digits,Checks if all characters in the string are alphabetic,Checks if the string is empty,Converts the string to lowercase,A,Medium
"What is the output of my_list = [1, 2, 3, 4, 5]; print(my_list[2:4])?","[1, 2]","[2, 3, 4]","[3, 4]","[2, 3]",C,Hard
What is the correct way to create a tuple in Python?,"(1, 2, 3)","{1, 2, 3}","[1, 2, 3]","tuple(1, 2, 3)",A,Easy
"What is the output of my_string = ""Hello World""; print(my_string[::-1])?",Hello World,dlroW olleH,olleH dlroW,Error,B,Medium
What does the sort() method do in Python lists?,Sorts the list in descending order,Sorts the list in ascending order,Reverses the order of elements in the list,Removes duplicates from the list,B,Easy
"What is the output of my_string = ""Hello World""; print(my_string.lower())?",Hello World,hello world,HELLO WORLD,Error,B,Easy
What is the purpose of the else clause in a try-except block?,Executes always after the try block,Executes when no exceptions are raised,Executes when an exception is handled,It is never executed,B,Hard
Which exception is raised when a file you try to open does not exist?,FileNotFoundError,IOError,OSError,ValueError,A,Medium
What is a list comprehension in Python?,A concise way to create lists,A method to iterate through lists,A type of Python comprehension,A special function for lists,A,Medium
What will this list comprehension produce: [x**2 for x in range(5)]?,"[0, 1, 2, 3, 4]","[1, 4, 9, 16, 25]","[0, 1, 4, 9, 16]","[1, 2, 3, 4, 5]",C,Medium
What is a lambda expression in Python?,A one-time anonymous function,"A named, reusable function",A loop structure,A data type,A,Easy
How is a lambda function different from a regular function defined using def?,Lambda can only have one expression,Lambda can return multiple values,Lambda functions are faster,Lambda functions can't have arguments,A,Medium
"What is the output when we execute list(""hello"")?","['h', 'e', 'l', 'l', 'o']",['hello'],['llo'],['olleh'],A,Easy
"Suppose list1 is [2445,133,12454,123], what is max(list1)?",2445,133,12454,123,C,Easy
To shuffle a list (say list1) what function do we use?,list1.shuffle(),shuffle(list1),random.shuffle(list1),random.shuffleList(list1),C,Hard
"Suppose list1 is [2, 33, 222, 14, 25], What is list1[-1]?",Error,None,25,2,C,Easy
What is the full form of CSV?,Colon Separated Values,Context Separated Values,Comma Separated Values,Caps Separated Values,C,Easy
What does the tell() method do in file handling?,Returns the current file position,Returns the end of the file,Returns the size of the file,Returns the file name,A,Medium
Which of the following is true for Python's GIL (Global Interpreter Lock)?,Allows true parallel CPU bound multi-threading,Prevents multiple native threads from executing Python bytecodes at once,Only applies to Python 3.11+,Is a garbage collector,B,Hard
Which of the following is an example of an immutable data type?,list,dictionary,set,frozenset,D,Medium
What is the output of print(2 + 3 * 5)?,25,17,7,10,B,Easy
What is the correct way to define an empty list in Python?,list(),{},[],None,C,Easy
