{
  "userId": "student_3108",
  "quizId": "a4b1c2d3-e4f5-6789-9012-abcdef123456",
  "subject": "Math",
  "timestamp": "2025-10-03T23:45:10Z",
  "finalScore": 65.0,
  "totalQuestions": 20,
  "results": [
    {
      "questionId": "MATH_001",
      "questionText": "What is the value of pi (\u03c0) rounded to two decimal places?",
      "userAnswer": "A",
      "correctAnswer": "A",
      "isCorrect": true,
      "difficulty": "Easy",
      "topic": "General Math"
    },
    {
      "questionId": "MATH_002",
      "questionText": "What is the next number in the sequence: 2, 4, 8, 16, ...?",
      "userAnswer": "C",
      "correctAnswer": "C",
      "isCorrect": true,
      "difficulty": "Easy",
      "topic": "General Math"
    },
    {
      "questionId": "MATH_003",
      "questionText": "If 4x - 2 = 10, what is the value of x?",
      "userAnswer": "A",
      "correctAnswer": "B",
      "isCorrect": false,
      "difficulty": "Medium",
      "topic": "Algebra"
    },
    {
      "questionId": "MATH_004",
      "questionText": "Which of the following is a prime number?",
      "userAnswer": "C",
      "correctAnswer": "C",
      "isCorrect": true,
      "difficulty": "Easy",
      "topic": "Number Theory"
    },
    {
      "questionId": "MATH_008",
      "questionText": "How many degrees are in a full circle?",
      "userAnswer": "D",
      "correctAnswer": "D",
      "isCorrect": true,
      "difficulty": "Very Easy",
      "topic": "Geometry"
    },
    {
      "questionId": "MATH_015",
      "questionText": "The formula for the area of a rectangle is:",
      "userAnswer": "B",
      "correctAnswer": "A",
      "isCorrect": false,
      "difficulty": "Very Easy",
      "topic": "Geometry"
    },
    {
      "questionId": "MATH_021",
      "questionText": "What is the square root of 81?",
      "userAnswer": "D",
      "correctAnswer": "D",
      "isCorrect": true,
      "difficulty": "Very Easy",
      "topic": "General Math"
    },
    {
      "questionId": "MATH_034",
      "questionText": "What is the slope in the equation y = 2x + 3?",
      "userAnswer": "B",
      "correctAnswer": "B",
      "isCorrect": true,
      "difficulty": "Medium",
      "topic": "Algebra"
    },
    {
      "questionId": "MATH_045",
      "questionText": "A triangle with all sides of equal length is called:",
      "userAnswer": "B",
      "correctAnswer": "C",
      "isCorrect": false,
      "difficulty": "Easy",
      "topic": "Geometry"
    },
    {
      "questionId": "MATH_050",
      "questionText": "What is the value of 7 squared?",
      "userAnswer": "B",
      "correctAnswer": "B",
      "isCorrect": true,
      "difficulty": "Easy",
      "topic": "General Math"
    },
    {
      "questionId": "MATH_055",
      "questionText": "The sum of the angles in a quadrilateral is:",
      "userAnswer": "D",
      "correctAnswer": "D",
      "isCorrect": true,
      "difficulty": "Medium",
      "topic": "Geometry"
    },
    {
      "questionId": "MATH_062",
      "questionText": "Which prefix means 'thousand'?",
      "userAnswer": "A",
      "correctAnswer": "A",
      "isCorrect": true,
      "difficulty": "Easy",
      "topic": "General Math"
    },
    {
      "questionId": "MATH_068",
      "questionText": "The value of sin(90 degrees) is:",
      "userAnswer": "C",
      "correctAnswer": "A",
      "isCorrect": false,
      "difficulty": "Hard",
      "topic": "Trigonometry"
    },
    {
      "questionId": "MATH_071",
      "questionText": "How many faces does a cube have?",
      "userAnswer": "C",
      "correctAnswer": "C",
      "isCorrect": true,
      "difficulty": "Very Easy",
      "topic": "Geometry"
    },
    {
      "questionId": "MATH_077",
      "questionText": "The inverse function of f(x) = x + 5 is:",
      "userAnswer": "B",
      "correctAnswer": "B",
      "isCorrect": true,
      "difficulty": "Medium",
      "topic": "Algebra"
    },
    {
      "questionId": "MATH_081",
      "questionText": "The value of log_10(100) is:",
      "userAnswer": "D",
      "correctAnswer": "B",
      "isCorrect": false,
      "difficulty": "Medium",
      "topic": "Logarithms"
    },
    {
      "questionId": "MATH_083",
      "questionText": "A polygon with ten sides is called a:",
      "userAnswer": "C",
      "correctAnswer": "C",
      "isCorrect": true,
      "difficulty": "Medium",
      "topic": "Geometry"
    },
    {
      "questionId": "MATH_089",
      "questionText": "What is the formula for the nth term of an arithmetic sequence?",
      "userAnswer": "C",
      "correctAnswer": "A",
      "isCorrect": false,
      "difficulty": "Hard",
      "topic": "Sequences"
    },
    {
      "questionId": "MATH_095",
      "questionText": "The equation for an ellipse is related to the sum of distances from two fixed points called:",
      "userAnswer": "A",
      "correctAnswer": "B",
      "isCorrect": false,
      "difficulty": "Hard",
      "topic": "Geometry"
    },
    {
      "questionId": "MATH_097",
      "questionText": "What is the additive inverse of -5?",
      "userAnswer": "C",
      "correctAnswer": "C",
      "isCorrect": true,
      "difficulty": "Easy",
      "topic": "Number Theory"
    }
  ],
  "incorrectlyAnswered": [
    {
      "questionId": "MATH_003",
      "questionText": "If 4x - 2 = 10, what is the value of x?",
      "userAnswer": "A",
      "correctAnswer": "B",
      "isCorrect": false,
      "difficulty": "Medium",
      "topic": "Algebra"
    },
    {
      "questionId": "MATH_015",
      "questionText": "The formula for the area of a rectangle is:",
      "userAnswer": "B",
      "correctAnswer": "A",
      "isCorrect": false,
      "difficulty": "Very Easy",
      "topic": "Geometry"
    },
    {
      "questionId": "MATH_045",
      "questionText": "A triangle with all sides of equal length is called:",
      "userAnswer": "B",
      "correctAnswer": "C",
      "isCorrect": false,
      "difficulty": "Easy",
      "topic": "Geometry"
    },
    {
      "questionId": "MATH_068",
      "questionText": "The value of sin(90 degrees) is:",
      "userAnswer": "C",
      "correctAnswer": "A",
      "isCorrect": false,
      "difficulty": "Hard",
      "topic": "Trigonometry"
    },
    {
      "questionId": "MATH_081",
      "questionText": "The value of log_10(100) is:",
      "userAnswer": "D",
      "correctAnswer": "B",
      "isCorrect": false,
      "difficulty": "Medium",
      "topic": "Logarithms"
    },
    {
      "questionId": "MATH_089",
      "questionText": "What is the formula for the nth term of an arithmetic sequence?",
      "userAnswer": "C",
      "correctAnswer": "A",
      "isCorrect": false,
      "difficulty": "Hard",
      "topic": "Sequences"
    },
    {
      "questionId": "MATH_095",
      "questionText": "The equation for an ellipse is related to the sum of distances from two fixed points called:",
      "userAnswer": "A",
      "correctAnswer": "B",
      "isCorrect": false,
      "difficulty": "Hard",
      "topic": "Geometry"
    }
  ]
}
