question,option_a,option_b,option_c,option_d,correct_answer,difficulty
What is the chemical symbol for water?,Wo,Wa,H₂O,O2H,C,Easy
"Which planet is known as the ""Red Planet""?",Jupiter,Mars,Venus,Saturn,B,Easy
What is the process by which plants make their own food?,Respiration,Transpiration,Photosynthesis,Decomposition,C,Easy
What unit is used to measure electric current?,Watt,Volt,Ohm,Ampere,D,Medium
Which organ pumps blood throughout the human body?,Lungs,Kidneys,Brain,Heart,D,Very Easy
What is the main component of natural gas?,Propane,Butane,Methane,Ethane,C,Medium
What is the pH level of a neutral substance?,0,7,14,Between 7 and 14,B,Easy
What is the SI unit of force?,Joule,Newton,Pascal,Watt,B,Easy
What type of lens is used to correct short-sightedness (myopia)?,Convex lens,Concave lens,Plano-convex lens,Cylindrical lens,B,Hard
The study of fungi is known as:,Phycology,Mycology,Ornithology,Zoology,B,Medium
What element is essential for all organic compounds?,Oxygen,Nitrogen,Carbon,Hydrogen,C,Easy
Which hormone regulates the amount of glucose in the blood?,Thyroxine,Adrenaline,Insulin,Testosterone,C,Medium
What is the freezing point of water in Celsius?,100°C,32°C,0°C,-10°C,C,Very Easy
What is the protective layer of the Earth that shields it from harmful solar radiation?,Troposphere,Ozone layer,Lithosphere,Hydrosphere,B,Medium
Which state of matter has a definite volume but no definite shape?,Solid,Liquid,Gas,Plasma,B,Easy
What process causes a wet cloth to dry in the sun?,Condensation,Sublimation,Evaporation,Melting,C,Easy
What are the building blocks of proteins?,Fatty acids,Amino acids,Nucleotides,Simple sugars,B,Medium
What is the full form of DNA?,Deoxyribonucleic acid,Diribonucleic acid,Deoxy nitrogen acid,Dual nucleic acid,A,Medium
Which type of rock is formed from the cooling and solidification of molten magma or lava?,Sedimentary,Metamorphic,Igneous,Volcanic,C,Medium
What is acceleration a measure of?,Change in position,Change in speed,Change in velocity,Change in mass,C,Medium
Which gas makes up the majority of the Earth's atmosphere?,Oxygen,Carbon Dioxide,Nitrogen,Argon,C,Easy
What is the common name for Sodium Chloride (NaCl)?,Baking Soda,Table Salt,Bleaching Powder,Vinegar,B,Easy
What device is used to measure atmospheric pressure?,Ammeter,Barometer,Thermometer,Hydrometer,B,Medium
Which process results in the production of oxygen by plants?,Respiration,Transpiration,Photorespiration,Photosynthesis,D,Easy
What part of the cell controls the activities of the cell and contains genetic material?,Mitochondria,Cytoplasm,Nucleus,Cell Wall,C,Medium
How many bones are in the adult human body?,206,300,106,256,A,Medium
What is the primary role of red blood cells?,Fight infection,Clot blood,Transport oxygen,Produce antibodies,C,Medium
Which of the following is a unit of energy?,Newton,Joule,Pascal,Watt,B,Easy
What is the approximate speed of sound in dry air at 20°C?,343 m/s,1500 m/s,3 x 10^8 m/s,0 m/s,A,Hard
What causes the tides in the Earth's oceans?,Earth's rotation,Atmospheric pressure,Gravitational pull of the Moon and Sun,Ocean currents,C,Medium
Which acid is found in vinegar?,Citric acid,Ascorbic acid,Acetic acid,Sulphuric acid,C,Medium
The change of solid directly into gas is called:,Evaporation,Sublimation,Condensation,Deposition,B,Medium
What is the phenomenon responsible for the twinkling of stars?,Diffraction,Reflection,Atmospheric refraction,Scattering,C,Hard
Which component of blood helps in clotting?,Plasma,Red blood cells,White blood cells,Platelets,D,Medium
The primary function of chlorophyll is to absorb:,Water,Carbon Dioxide,Light energy,Oxygen,C,Easy
Which of the following is a non-metal?,Gold,Iron,Sulfur,Copper,C,Easy
What is the full form of AIDS?,Acute Immune Disorder Syndrome,Acquired Immune Deficiency Syndrome,Auto Immune Disease System,Acquired Immunization Disease Syndrome,B,Medium
Which layer of the Earth is responsible for generating the planet's magnetic field?,Crust,Mantle,Outer Core,Inner Core,C,Hard
What is the process of generating electric current by moving a magnet near a coil of wire?,Electrolysis,Magnetic Induction,Electromagnetism,Capacitance,B,Hard
Which instrument is used to measure the purity of milk?,Altimeter,Lactometer,Manometer,Spirometer,B,Medium
What type of chemical bond involves the sharing of electron pairs between atoms?,Ionic bond,Metallic bond,Covalent bond,Hydrogen bond,C,Hard
What is the largest cell in the human body?,Nerve cell,Muscle cell,Ovum (egg cell),Sperm cell,C,Medium
How long does it take for light from the Sun to reach the Earth approximately?,8 seconds,8 minutes,8 hours,8 days,B,Medium
Which invention is credited to Thomas Edison?,Telephone,Printing Press,Practical electric light bulb,Steam Engine,C,Easy
"What does the scientific term ""inertia"" refer to?",The force of gravity,Resistance to change in motion,Kinetic energy,Chemical reactivity,B,Medium
Which part of the plant absorbs water and nutrients from the soil?,Stem,Leaves,Roots,Flowers,C,Very Easy
What is the main metal in stainless steel?,Aluminum,Copper,Iron,Tin,C,Easy
A change in the position of an object is known as:,Force,Work,Motion,Energy,C,Easy
Which disease is caused by a deficiency of Vitamin C?,Rickets,Scurvy,Night blindness,Anemia,B,Medium
What is the maximum number of electrons in the first shell (n=1) of an atom?,1,2,8,18,B,Medium
The bending of light as it passes from one medium to another is called:,Reflection,Refraction,Dispersion,Scattering,B,Medium
Which telescope was the first to show the moons of Jupiter?,Hubble,Kepler,Galileo’s telescope,James Webb,C,Hard
What is the main chemical constituent of the cell wall in plants?,Chitin,Peptidoglycan,Cellulose,Lignin,C,Hard
What is the source of energy for the Sun?,Chemical reaction,Nuclear fission,Nuclear fusion,Gravitational collapse,C,Medium
Which of these metals is the best conductor of electricity?,Copper,Silver,Gold,Aluminum,B,Hard
The study of the relationship between organisms and their environment is:,Physiology,Ecology,Genetics,Anatomy,B,Easy
What is the function of the cell's ribosomes?,Energy production,Protein synthesis,Waste disposal,Lipid storage,B,Medium
What is the chemical formula for Ozone?,O,O2,O3,CO2,C,Easy
The resistance of a wire is directly proportional to its:,Diameter,Length,Temperature,Voltage,B,Hard
Which of the following is a symptom of Vitamin A deficiency?,Scurvy,Night blindness,Rickets,Goiter,B,Medium
What is the lightest element on the periodic table?,Helium,Oxygen,Hydrogen,Lithium,C,Easy
Which type of lens is thicker in the middle and thinner at the edges?,Concave,Convex,Plano,Cylindrical,B,Medium
The process of cell division that results in two daughter cells identical to the parent cell is:,Meiosis,Mitosis,Fertilization,Gametogenesis,B,Medium
What is the main energy source for most biological processes?,Glucose,ATP,Lipids,Proteins,B,Hard
What causes the apparent change in the frequency of sound or light waves due to relative motion?,Reflection,Refraction,Doppler Effect,Interference,C,Hard
The human body is approximately what percentage water?,40%,50%,60%,80%,C,Medium
Which Nobel laureate formulated the theory of relativity?,Isaac Newton,Albert Einstein,Niels Bohr,Marie Curie,B,Easy
Which type of radiation has the lowest energy?,X-rays,Gamma rays,Radio waves,Ultraviolet,C,Hard
What is the main function of the kidneys?,Pump blood,Filter blood and produce urine,Digest food,Control body temperature,B,Easy
What is the term for an atom that has gained or lost an electron?,Molecule,Isotope,Ion,Compound,C,Medium
The study of heredity and variation in living organisms is called:,Ecology,Genetics,Anatomy,Cytology,B,Easy
What are the three main types of subatomic particles in an atom?,"Quarks, Leptons, Neutrinos","Protons, Neutrons, Electrons","Ions, Isotopes, Elements","Atoms, Molecules, Compounds",B,Easy
What is the boiling point of water at standard atmospheric pressure in Fahrenheit?,100°F,212°F,32°F,273°F,B,Medium
What is the scientific term for the windpipe?,Esophagus,Pharynx,Trachea,Larynx,C,Medium
Which scientist is known for their work on the theory of evolution by natural selection?,Gregor Mendel,Louis Pasteur,Charles Darwin,James Watson,C,Easy
What is the outermost layer of the Earth?,Mantle,Outer Core,Inner Core,Crust,D,Easy
"In a sound wave, what property determines the loudness?",Frequency,Wavelength,Amplitude,Speed,C,Medium
Which of the following is a biodegradable pollutant?,Plastic,Pesticides,Sewage,Heavy metals,C,Medium
The primary source of vitamin D for the human body is:,Fruits,Sunlight,Water,Meat,B,Easy
What is the scientific study of insects called?,Herpetology,Entomology,Ichthyology,Cytology,B,Hard
Which chemical is responsible for the green color of leaves?,Melanin,Xanthophyll,Chlorophyll,Carotene,C,Very Easy
What is the average number of heartbeats per minute for a resting adult human?,50-60,70-80,90-100,120+,B,Medium
Which gas is produced when metals react with acids?,Oxygen,Carbon Dioxide,Hydrogen,Nitrogen,C,Medium
The unit of power is the:,Joule,Newton,Watt,Volt,C,Easy
Which part of the eye is responsible for color vision?,Cornea,Iris,Rods,Cones,D,Hard
What phenomenon proves that the Earth is round (spherical)?,Lunar eclipse shadow,Tides,Seasons,Day and Night,A,Medium
What is the common term for an overdose of Vitamin A?,Hypovitaminosis,Hypervitaminosis,Avitaminosis,Malabsorption,B,Hard
The magnetic field lines originate from the _____ pole of a magnet.,South,North,East,West,B,Medium
What is the total number of chromosomes in a normal human somatic cell?,23,46,92,48,B,Medium
Which of the following is an example of a chemical change?,Melting ice,Boiling water,Burning wood,Tearing paper,C,Easy
What is the main function of the mitochondria in a cell?,Digestion,Energy production (ATP),Genetic storage,Waste storage,B,Medium
What does a galvanometer measure?,Voltage,Resistance,Small electric current,Power,C,Hard
Which nutrient is primarily responsible for building and repairing tissues?,Carbohydrates,Fats,Vitamins,Protein,D,Easy
"In the equation $E = mc^2$, what does $c$ represent?",Energy,Mass,Speed of light,Charge,C,Medium
The study of the atmosphere and weather forecasting is called:,Geology,Oceanography,Meteorology,Astronomy,C,Easy
Which layer of the atmosphere contains the ozone layer?,Troposphere,Stratosphere,Mesosphere,Thermosphere,B,Hard
What is the chemical symbol for Gold?,Go,Au,Ag,Gd,B,Easy
What causes a rainbow?,Reflection of light,Refraction and dispersion of sunlight,Scattering of light,Interference of light,B,Medium
The process of a cell engulfing a solid particle is called:,Pinocytosis,Exocytosis,Phagocytosis,Osmosis,C,Hard
Which instrument measures wind speed?,Barometer,Anemometer,Hygrometer,Seismograph,B,Medium
